{
  "baseline": {
    "n": 138,
    "mean_normalized": 0.7772946859903381,
    "q1_mean": 3.6449275362318843,
    "q2_mean": 4.572463768115942,
    "q3_mean": 3.4420289855072466,
    "collapsed": 0,
    "grade_dist": {
      "A": 66,
      "B": 21,
      "C": 40,
      "F": 11
    }
  },
  "epoch1": {
    "n": 138,
    "mean_normalized": 0.7840579710144928,
    "q1_mean": 4.144927536231884,
    "q2_mean": 4.688405797101449,
    "q3_mean": 2.927536231884058,
    "collapsed": 0,
    "grade_dist": {
      "A": 63,
      "C": 35,
      "B": 36,
      "F": 4
    }
  },
  "epoch2": {
    "n": 138,
    "mean_normalized": 0.7690821256038648,
    "q1_mean": 4.065217391304348,
    "q2_mean": 4.615942028985507,
    "q3_mean": 2.8550724637681157,
    "collapsed": 0,
    "grade_dist": {
      "F": 9,
      "A": 61,
      "B": 32,
      "C": 36
    }
  },
  "epoch3": {
    "n": 138,
    "mean_normalized": 0.7483091787439613,
    "q1_mean": 4.007246376811594,
    "q2_mean": 4.492753623188406,
    "q3_mean": 2.7246376811594204,
    "collapsed": 0,
    "grade_dist": {
      "A": 41,
      "F": 11,
      "B": 42,
      "C": 44
    }
  },
  "epoch4": {
    "n": 138,
    "mean_normalized": 0.37922705314009664,
    "q1_mean": 2.101449275362319,
    "q2_mean": 2.101449275362319,
    "q3_mean": 1.4855072463768115,
    "collapsed": 27,
    "grade_dist": {
      "F": 109,
      "C": 19,
      "B": 9,
      "A": 1
    }
  },
  "epoch5": {
    "n": 138,
    "mean_normalized": 0.20628019323671498,
    "q1_mean": 1.0434782608695652,
    "q2_mean": 1.0217391304347827,
    "q3_mean": 1.0289855072463767,
    "collapsed": 92,
    "grade_dist": {
      "F": 137,
      "C": 1
    }
  }
}