{
  "baseline": {
    "n": 138,
    "mean_normalized": 0.7859903381642512,
    "q1_mean": 3.4565217391304346,
    "q2_mean": 4.565217391304348,
    "q3_mean": 3.7681159420289854,
    "collapsed": 0,
    "grade_dist": {
      "A": 62,
      "C": 34,
      "F": 3,
      "B": 39
    }
  },
  "epoch1": {
    "n": 138,
    "mean_normalized": 0.8193236714975846,
    "q1_mean": 4.094202898550725,
    "q2_mean": 4.746376811594203,
    "q3_mean": 3.449275362318841,
    "collapsed": 0,
    "grade_dist": {
      "A": 72,
      "C": 24,
      "B": 40,
      "F": 2
    }
  },
  "epoch2": {
    "n": 138,
    "mean_normalized": 0.8004830917874396,
    "q1_mean": 4.065217391304348,
    "q2_mean": 4.644927536231884,
    "q3_mean": 3.2971014492753623,
    "collapsed": 0,
    "grade_dist": {
      "A": 66,
      "F": 10,
      "B": 43,
      "C": 19
    }
  },
  "epoch3": {
    "n": 138,
    "mean_normalized": 0.770048309178744,
    "q1_mean": 3.9130434782608696,
    "q2_mean": 4.427536231884058,
    "q3_mean": 3.210144927536232,
    "collapsed": 0,
    "grade_dist": {
      "A": 51,
      "C": 37,
      "B": 43,
      "F": 7
    }
  },
  "epoch4": {
    "n": 138,
    "mean_normalized": 0.38792270531400963,
    "q1_mean": 2.0869565217391304,
    "q2_mean": 2.246376811594203,
    "q3_mean": 1.4855072463768115,
    "collapsed": 27,
    "grade_dist": {
      "F": 112,
      "C": 13,
      "B": 10,
      "A": 3
    }
  },
  "epoch5": {
    "n": 138,
    "mean_normalized": 0.20434782608695654,
    "q1_mean": 1.0217391304347827,
    "q2_mean": 1.0217391304347827,
    "q3_mean": 1.0217391304347827,
    "collapsed": 92,
    "grade_dist": {
      "F": 137,
      "C": 1
    }
  }
}