{
  "total_scored": 2728,
  "avg_normalized_score": 0.8590664711632453,
  "grade_distribution": {
    "A": 1726,
    "B": 828,
    "C": 162,
    "F": 12
  },
  "q_averages": {
    "q1": 4.525659824046921,
    "q2": 4.80791788856305,
    "q3": 3.5524193548387095
  }
}